method,stage,t_k,smc_ess,validation_ess,sharpen_ess,n_shrink
klxx_delta_sharpen,1,0.1000,0.9731,0.8195,0.9808,0
klxx_delta_sharpen,2,0.1980,0.9309,0.5987,0.9924,0
klxx_delta_sharpen,3,0.2940,0.9523,0.5430,0.9935,1
klxx_delta_sharpen,4,0.3882,0.7701,0.5125,0.9872,1
klxx_delta_sharpen,5,0.4334,0.7984,0.5796,0.9480,1
klxx_delta_sharpen,6,0.4644,0.9068,0.5980,1.0000,0
klxx_delta_sharpen,7,0.5078,0.9931,0.8458,1.0000,0
klxx_delta_sharpen,8,0.5685,0.9928,0.8306,1.0000,0
klxx_delta_sharpen,9,0.6536,0.9890,0.8032,1.0000,0
klxx_delta_sharpen,10,0.7727,0.9845,0.8067,1.0000,0
klxx_delta_sharpen,11,1.0000,0.9791,0.7549,1.0000,0
asmc,1,0.1000,0.9743,0.5706,0.9787,0
asmc,2,0.1980,0.9443,0.5754,0.9893,0
asmc,3,0.2940,0.7749,0.6023,0.9930,0
asmc,4,0.3882,0.7540,0.5523,0.9899,1
asmc,5,0.4334,0.7811,0.6651,0.9739,1
asmc,6,0.4644,0.8868,0.5375,1.0000,0
asmc,7,0.5078,0.9916,0.8252,1.0000,0
asmc,8,0.5685,0.9925,0.8176,1.0000,0
asmc,9,0.6536,0.9886,0.7538,1.0000,0
asmc,10,0.7727,0.9840,0.6942,1.0000,0
asmc,11,0.9318,0.9789,0.6509,1.0000,0
asmc,12,1.0000,0.9974,0.9271,1.0000,0
