method,k,N,reps,bias,sem
klx,0,10000,256,0.024279991319444444,0.0005220232102512088
klx,1,20000,128,0.01818511284722222,0.0005212743646481959
klx,2,40000,64,0.01332578125,0.0006303471612869053
klx,3,80000,32,0.010390494791666666,0.0005987102172623055
klx,4,160000,16,0.0074125000000000016,0.0006276608866716228
klx,5,320000,8,0.00463528645833333,0.0003368590341270762
klx,6,640000,4,0.003202734374999996,0.00039973164649975283
klxx,0,10000,256,0.0208921875,0.00047716839938099527
klxx,1,20000,128,0.015219097222222224,0.0006115330124386274
klxx,2,40000,64,0.01104214409722222,0.0004584977022866675
klxx,3,80000,32,0.007219748263888889,0.00042734893418212405
klxx,4,160000,16,0.0060921875,0.0004332179458753665
klxx,5,320000,8,0.003752300347222221,0.0004377337906054161
klxx,6,640000,4,0.002219618055555554,0.0002707572657747976
