batch_size,level,t,kl_ess,klxx_ess
2000,1,0.25,0.749481261,0.921269476
2000,2,0.495,0.583985031,0.773111582
2000,3,0.66307,0.50242126,0.645242274
2000,4,0.77863699,0.502829671,0.589560747
2000,5,0.887104865,0.53347981,0.581331193
2000,6,1,0.630887032,0.670692444
1000,1,0.25,0.671826839,0.862137735
1000,2,0.495,0.490361631,0.66100502
1000,3,0.66307,0.431471735,0.531286478
1000,4,0.77863699,0.455867559,0.524538219
1000,5,0.887104865,0.486664385,0.520511866
1000,6,1,0.595048964,0.60372138
500,1,0.25,0.577712297,0.779717803
500,2,0.4215,0.550368071,0.708189785
500,3,0.58957,0.420729756,0.530310512
500,4,0.70486602,0.458210766,0.541182697
500,5,0.78395909,0.561310887,0.617126465
500,6,0.894689387,0.437224418,0.457438827
500,7,1,0.55395937,0.587640941
250,1,0.25,0.464088887,0.65628773
250,2,0.4215,0.456696063,0.60154897
250,3,0.539149,0.502358019,0.62764883
250,4,0.65444502,0.443566233,0.512031674
250,5,0.73353809,0.518559694,0.582307756
250,6,0.811049298,0.503793478,0.553807259
250,7,0.91956499,0.406545788,0.42289719
250,8,1,0.582372189,0.636939704
125,1,0.175,0.452645332,0.654661238
125,2,0.3465,0.405422986,0.563423991
125,3,0.464149,0.451530427,0.587862968
125,4,0.57944502,0.411088586,0.501264989
125,5,0.65853809,0.504926741,0.566678762
125,6,0.736049298,0.469275564,0.502720356
125,7,0.812010282,0.454622418,0.477989376
125,8,0.886452047,0.504678309,0.524648309
125,9,0.965935614,0.558971107,0.562015831
125,10,1,0.912777841,0.911542594
