batch_size,stage,t,kl_ess,klxx_ess
2000,1,0.25,0.884701312,0.937311828
2000,2,0.625,0.430950314,0.552549601
2000,3,0.753625,0.491640866,0.554073513
2000,4,0.88868125,0.43256107,0.455902338
2000,5,1,0.666385055,0.661903262
1000,1,0.25,0.812761724,0.888280869
1000,2,0.5125,0.530288279,0.63602674
1000,3,0.64755625,0.56210798,0.627457261
1000,4,0.746822594,0.573376119,0.617208898
1000,5,0.851052255,0.506676733,0.528263152
1000,6,1,0.447997749,0.441001713
500,1,0.25,0.714890003,0.815808892
500,2,0.43375,0.607012153,0.69615519
500,3,0.56880625,0.565806091,0.63661176
500,4,0.668072594,0.592690647,0.641993999
500,5,0.772302255,0.490036249,0.502451956
500,6,0.881743399,0.443393648,0.459686667
500,7,1,0.529408991,0.516140163
