file,seed,tv
data_kl_o0.01.pth,1,0.0663
data_kl_o0.01.pth,2,0.1592
data_kl_o0.01.pth,3,0.0937
data_balance_o0.01.pth,1,0.0383
data_balance_o0.01.pth,2,0.0438
data_balance_o0.01.pth,3,0.0425
data_kl_o0.015.pth,1,0.0988
data_kl_o0.015.pth,2,0.0669
data_kl_o0.015.pth,3,0.0643
data_balance_o0.015.pth,1,0.0373
data_balance_o0.015.pth,2,0.0391
data_balance_o0.015.pth,3,0.0460
data_kl_o0.02.pth,1,0.0266
data_kl_o0.02.pth,2,0.0416
data_kl_o0.02.pth,3,0.0166
data_balance_o0.02.pth,1,0.0191
data_balance_o0.02.pth,2,0.0215
data_balance_o0.02.pth,3,0.0185
data_kl_o0.025.pth,1,0.0476
data_kl_o0.025.pth,2,0.0459
data_kl_o0.025.pth,3,0.0550
data_balance_o0.025.pth,1,0.0151
data_balance_o0.025.pth,2,0.0229
data_balance_o0.025.pth,3,0.0200
