tag,D,P,method,B,steps,K,complete,ladder,final_ess,sectors,tv,abs_m,knn,wall_min
L6_balance,36,6,balance,20000,500,4,True,0.250 0.600 0.796 1.000,0.03511413186788559,6/6,0.17599999904632568,0.5726279020309448,0.9960000514984131,43.57213061035002
L8_balance_B100k,64,6,balance,100000,200,6,True,0.200 0.396 0.588 0.720 0.849 1.000,0.0011949118925258517,6/6,0.2119000107049942,0.38714802265167236,1.0,125.51749745704971
L8_balance_B100k_ts01,64,6,balance,100000,200,7,True,0.100 0.300 0.496 0.688 0.763 0.913 1.000,0.0002768634585663676,6/6,0.22259999811649323,0.38915422558784485,1.0,126.7000222412326
L8_balance_B1k,64,6,balance,1000,2000,8,True,0.200 0.396 0.530 0.662 0.753 0.841 0.952 1.000,0.0009243501117452979,6/6,0.13979999721050262,0.3217586874961853,1.0,51.92322691878459
L8_balance_B500_smoke,64,6,balance,500,60,3,False,0.175 0.420 0.660,0.00036596550489775836,6/6,0.05450000613927841,0.11359909176826477,1.0,1.7715502604007876
L8_balance_B5k,64,6,balance,5000,1000,7,True,0.200 0.396 0.588 0.720 0.810 0.937 1.000,0.0005597405834123492,6/6,0.17639999091625214,0.357634037733078,1.0,43.077942920534404
L8_kl_B100k,64,6,kl,100000,200,6,True,0.200 0.396 0.588 0.720 0.849 1.000,0.0015005057211965322,6/6,0.08270000666379929,0.3324057161808014,1.0,122.78843571041556
L8_kl_B1k,64,6,kl,1000,2000,8,True,0.200 0.396 0.530 0.662 0.753 0.841 0.952 1.000,0.00023080449318513274,6/6,0.11950001120567322,0.2688901424407959,1.0,50.66131104536665
L8_kl_B5k,64,6,kl,5000,1000,6,True,0.200 0.396 0.588 0.720 0.849 1.000,0.00040701066609472036,6/6,0.08304999768733978,0.31074008345603943,1.0,31.76068274191736
