method,k,N,reps,bias,sem
kl,0,10000,256,0.0285671875,0.0006611452538016268
kl,1,20000,128,0.02159704861111111,0.0006943768283396024
kl,2,40000,64,0.015857465277777778,0.0007713748204241439
kl,3,80000,32,0.011432638888888888,0.0005979722708920325
kl,4,160000,16,0.008257899305555556,0.0005406933952363679
kl,5,320000,8,0.0061016059027777765,0.0008484283317813407
kl,6,640000,4,0.004469835069444445,0.0005184924021203941
kl,7,1280000,2,0.0020726996527777805,0.0001855468750000047
kl,8,2560000,1,0.0026515190972222166,nan
klxx,0,10000,256,0.018674739583333336,0.00039474304432051186
klxx,1,20000,128,0.01395954861111111,0.00042218236073274213
klxx,2,40000,64,0.010109722222222221,0.00044637421467530345
klxx,3,80000,32,0.006484678819444442,0.00042998526228655995
klxx,4,160000,16,0.004521875,0.0004496877533587425
klxx,5,320000,8,0.002774479166666669,0.0003201816297692085
klxx,6,640000,4,0.002200694444444444,0.00023620707770254925
klxx,7,1280000,2,0.0013954427083333332,0.0002671440972222179
klxx,8,2560000,1,0.0006435329861111116,nan
